{
  "projectTitle": "Small Plans",
  "projectDescription": "Small plans for small projects",
  "undoneItems": [
    {
      "id": "k75m83r2",
      "summary": "用 Dart 重写",
      "details": "",
      "tag": "新版本",
      "createdAt": 1582860418814,
      "updatedAt": 1582860418814,
      "doneAt": null,
      "deletedAt": null
    },
    {
      "id": "k7ihq124",
      "summary": "做一个 updater2, 用于本地更新",
      "details": "",
      "tag": "tool",
      "createdAt": 1583638917340,
      "updatedAt": 1583640370174,
      "doneAt": null,
      "deletedAt": null
    }
  ],
  "doneItems": [
    {
      "id": "k721bdj5",
      "summary": "导入文件",
      "details": "",
      "createdAt": 1582643900993,
      "updatedAt": 1582726505641,
      "doneAt": 1582643968930,
      "deletedAt": null,
      "tag": "功能"
    },
    {
      "id": "k7215no0",
      "summary": "编辑详细内容",
      "details": "",
      "createdAt": 1582643634192,
      "updatedAt": 1582726488527,
      "doneAt": 1582644023557,
      "deletedAt": null,
      "tag": "功能"
    },
    {
      "id": "k7214et2",
      "summary": "done 按钮的 bug",
      "details": "",
      "createdAt": 1582643576054,
      "updatedAt": 1582726467387,
      "doneAt": 1582644047839,
      "deletedAt": null,
      "tag": "fixed"
    },
    {
      "id": "k72135g6",
      "summary": "undone 按钮",
      "details": "",
      "createdAt": 1582643517270,
      "updatedAt": 1582726075088,
      "doneAt": 1582645140596,
      "deletedAt": null,
      "tag": "功能"
    },
    {
      "id": "k721711i",
      "summary": "对同一个 id 的按钮多次绑定 event",
      "details": "导致按一下按钮就同时触发多个 event",
      "createdAt": 1582643698182,
      "updatedAt": 1582726057270,
      "doneAt": 1582645153677,
      "deletedAt": null,
      "tag": "fixed"
    },
    {
      "id": "k721rmpi",
      "summary": "按 done/undone 按钮时, 如无详细内容应删除 open 属性",
      "details": "如有详细内容, 则应保持 open",
      "createdAt": 1582644659382,
      "updatedAt": 1582726042358,
      "doneAt": 1582645186726,
      "deletedAt": null,
      "tag": "fixed"
    },
    {
      "id": "k721xzqu",
      "summary": "import 和 export 需要增加 dialog",
      "details": "",
      "createdAt": 1582644956214,
      "updatedAt": 1582726024341,
      "doneAt": 1582706364980,
      "deletedAt": null,
      "tag": "改进"
    },
    {
      "id": "k720ycmq",
      "summary": "todo-edit-dialog 美化",
      "details": "",
      "createdAt": 1582643293298,
      "updatedAt": 1582730777534,
      "doneAt": 1582733131282,
      "deletedAt": null,
      "tag": "改进"
    },
    {
      "id": "k72wzm08",
      "summary": "tag",
      "details": " - 增加一个简单的 tag 功能吧\n - 最多只能有一个 tag\n - 暂时不能通过 tag 来搜索 (只是为以后功能扩展埋下伏笔)\n - 特殊 tag: bug 与 fixed 自动转换",
      "createdAt": 1582697099816,
      "updatedAt": 1582727561058,
      "doneAt": 1582733134772,
      "deletedAt": null,
      "tag": "功能"
    },
    {
      "id": "k749vbwm",
      "summary": "新增 Todo 时, 用井号 #tag# 的形式添加 tag",
      "details": "",
      "tag": "功能",
      "createdAt": 1582779201286,
      "updatedAt": 1582779210435,
      "doneAt": 1582797598380,
      "deletedAt": null
    },
    {
      "id": "k720vvr5",
      "summary": "delete, restore, delete-forever",
      "details": " - 需要增加一个 allDeletedItems 数组\n - 对于已删除项目, 只提供 undelete 和 restore forever 按钮",
      "createdAt": 1582643178113,
      "updatedAt": 1582860133351,
      "doneAt": 1582860133351,
      "deletedAt": null,
      "tag": "功能"
    },
    {
      "id": "k75v20g3",
      "summary": "区分不同文件夹的数据",
      "details": "",
      "tag": "fixed",
      "createdAt": 1582875251139,
      "updatedAt": 1582875251139,
      "doneAt": 1582902074922,
      "deletedAt": null
    },
    {
      "id": "k75m337q",
      "summary": "README, 使用说明",
      "details": "",
      "tag": "文档",
      "createdAt": 1582860184838,
      "updatedAt": 1582875091214,
      "doneAt": 1582905426412,
      "deletedAt": null
    },
    {
      "id": "k7a2tyh4",
      "summary": "自动修改浏览器的 title",
      "details": "",
      "tag": "改进",
      "createdAt": 1583131270308,
      "updatedAt": 1583130176968,
      "doneAt": 1583131275249,
      "deletedAt": null
    },
    {
      "id": "k7a3kqnn",
      "summary": "链接里的 href=\"#\" 会使地址栏最后多一个 # 号, 影响浏览器刷新缓存",
      "details": " - 不太确定会不会影响, 我猜会吧…\n - 删除 href=\"#\", 避免影响缓存",
      "tag": "fixed",
      "createdAt": 1583131426547,
      "updatedAt": 1583142863712,
      "doneAt": 1583131479021,
      "deletedAt": null
    },
    {
      "id": "k7a3xvzi",
      "summary": "使用 Chrome 或相同内核的浏览器, 同时打开几个不同目录下的 small-plans.html 时, 有相互干扰的现象",
      "details": " - firefox 没有这个问题\n - 用 Dart 重写时要注意这个问题 (改用IndexedDB?)\n - 偶然发生, 未确定触发条件\n   - 可能是 localStorage['todoitem-prefix'] 多项目共用导致的\n   - 已改为不共用",
      "tag": "fixed",
      "createdAt": 1583132039982,
      "updatedAt": 1583142887419,
      "doneAt": 1583142299366,
      "deletedAt": null
    },
    {
      "id": "k7aa5nxl",
      "summary": "提醒用户更改文件名",
      "details": " - 在 README 里提醒\n - 在使用说明中提醒\n - 在导出时提醒\n - 自动设定导出文件名",
      "tag": "改进",
      "createdAt": 1583142480489,
      "updatedAt": 1583155629468,
      "doneAt": 1583167688120,
      "deletedAt": null
    },
    {
      "id": "k7bay733",
      "summary": "中文文件名处理问题",
      "details": "",
      "tag": "fixed",
      "createdAt": 1583204277855,
      "updatedAt": 1583204277855,
      "doneAt": 1583204282650,
      "deletedAt": null
    },
    {
      "id": "k7cqib4l",
      "summary": "用 Python/Go 做一个分发器",
      "details": " - 先尝试用 Python 做\n - GitHub api\n - 更新前检查目标文件 (必须是 small-plans 的源代码才覆盖)",
      "tag": "tools",
      "createdAt": 1583290876629,
      "updatedAt": 1583593640254,
      "doneAt": 1583593623296,
      "deletedAt": null
    },
    {
      "id": "k7iho2rs",
      "summary": "把 updater 的状态栏改为消息栏, 显示详细的更新结果",
      "details": "",
      "tag": "改进",
      "createdAt": 1583638826248,
      "updatedAt": 1583638841759,
      "doneAt": 1583674930864,
      "deletedAt": null
    }
  ],
  "deletedItems": [
    {
      "id": "k7cq8ocy",
      "summary": "直接改用像 TiddlyWiki 那种方式, 不再需要导入 json 文件",
      "details": " - 但是, 这种方式有个大问题: 很难升级\n - 还是保持现状好",
      "tag": "TiddlyPlans",
      "createdAt": 1583290427218,
      "updatedAt": 1583294073618,
      "doneAt": null,
      "deletedAt": 1583294075507
    }
  ]
}