{
  "projectTitle": "Small Plans 使用说明",
  "projectDescription": "请按顺序逐条阅读、动手操作试验",
  "undoneItems": [
    {
      "id": "k75nr3cc",
      "summary": "点击大标题旁的 📝 图标, 可修改标题",
      "details": "请动手修改试试",
      "tag": "01",
      "createdAt": 1582862984364,
      "updatedAt": 1582863556900,
      "doneAt": null,
      "deletedAt": null
    },
    {
      "id": "k75o0ghj",
      "summary": "点击你正在阅读的这行文字 (以下称为“概要”), 可打开详细内容",
      "details": " - 这里就是详细内容\n - 再点击一下概要部分, 可收起详细内容",
      "tag": "02",
      "createdAt": 1582863421303,
      "updatedAt": 1582863525631,
      "doneAt": null,
      "deletedAt": null
    },
    {
      "id": "k75o6oit",
      "summary": "请打开本条的详细内容",
      "details": " - 本框的右上角有一个 edit 按钮和一个 delete 按钮\n - 本框的左上角有一个 (done) 按钮\n - 请分别点一下这几个按钮, 实际操作看看",
      "tag": "03",
      "createdAt": 1582863711653,
      "updatedAt": 1582872767655,
      "doneAt": null,
      "deletedAt": null
    },
    {
      "id": "k75oj4u1",
      "summary": "请在下面的 Add Todo 框里输入: #05# 成功新增了一条记录",
      "details": " - 输入后, 按回车键提交\n - 其中 #05# 不是必需的, 只是输入标签的一个简便方法\n - 每条记录最多只能有一个标签",
      "tag": "04",
      "createdAt": 1582864292665,
      "updatedAt": 1582864788366,
      "doneAt": null,
      "deletedAt": null
    },
    {
      "id": "k75x0kxg",
      "summary": "请点击本条记录的 (done) 按钮, 观察标签的变化",
      "details": " - 标签 bug 会自动变为 fixed\n - 再点击 (undone) 按钮, 会自动从 fixed 变回 bug\n - 这是特例, 其它内容的标签不会自动变化",
      "tag": "bug",
      "createdAt": 1582878543604,
      "updatedAt": 1582878751233,
      "doneAt": null,
      "deletedAt": null
    }
  ],
  "doneItems": [
    {
      "id": "k75tgl5o",
      "summary": "清空全部数据",
      "details": "如果你需要清空全部数据, 可以按 F12 打开控制台, 在控制台输入\n\n    clearAll()\n\n按回车执行。",
      "tag": "高级功能",
      "createdAt": 1582872571932,
      "updatedAt": 1582905636181,
      "doneAt": 1582872611989,
      "deletedAt": null
    },
    {
      "id": "k75tg3ra",
      "summary": "实际使用中请及时导出数据",
      "details": " - 本程序使用浏览器的 localStorage 临时保存数据\n\n - 发生用户关闭浏览器 或 浏览器意外崩溃 或 电脑死机等情况时, 数据不会丢失, \n   只要用同一个浏览器重新打开 small-plans.html 即可, 原来的数据都还在\n\n - 但 localStorage 本质上只是临时保存, 不可依赖, 因此请经常导出数据\n\n - 点击大标题下的 export 按钮, 根据提示操作即可导出数据\n\n - 建议每次关闭页面前都导出一次",
      "tag": "注意",
      "createdAt": 1582872549382,
      "updatedAt": 1582872615238,
      "doneAt": 1582872615238,
      "deletedAt": null
    },
    {
      "id": "k7ahyfud",
      "summary": "实际使用本软件时, 建议先更改文件名",
      "details": " - 例如把 small-plans.html 改为 abcd-plans.html\n   (其中 `abcd` 是你的项目名称)\n\n - 改名后, 导出数据时本软件会自动设置文件名, 例如 abcd-plans.json\n\n - 因此，当不同项目使用不同的文件名, 就不容易错误地覆盖文件",
      "tag": "建议",
      "createdAt": 1583155580341,
      "updatedAt": 1583158155136,
      "doneAt": 1583155583348,
      "deletedAt": null
    },
    {
      "id": "k7b8x1kw",
      "summary": "使用 export / export 功能时可方便地复制当前目录",
      "details": " - 当前目录是指当前 html 网页所在的文件夹\n\n - 使用 export / export 功能时直接点击 copy 按钮即可 (不需要选中文字)\n\n - 以Windows系统为例, 复制当前目录后,选择文件时,可直接粘贴按回车,即可转到当前目录",
      "tag": "新功能",
      "createdAt": 1583200864832,
      "updatedAt": 1583201133172,
      "doneAt": 1583201139710,
      "deletedAt": null
    }
  ],
  "deletedItems": []
}